point,mz,signal
0,41.11,26.2144045734342
1,42.11,8.37957478032369
2,43.11,56.2801891090473
3,44.08,1.84109017196388
4,53.10,1.34387546497083
5,55.10,9.31761114779363
6,56.10,12.7707396127008
7,57.11,54.8051404467815
8,58.11,2.49914280202145
9,69.10,2.25864718307707
10,70.11,10.6956100339361
11,71.13,15.3390262242381
12,84.10,6.39732165902384
13,85.17,22.8810076137686
14,86.14,1.50490697200615
15,98.16,3.1641274729
16,99.20,5.12616859661206
17,128.13,4.34615794449154
